{"cameraMode":{"drawMode":0,"name":"Shaded","section":"Shading Mode"},"sceneLighting":false,"audioPlay":false,"sceneViewState":{"m_AlwaysRefresh":false,"showFog":true,"showSkybox":false,"showFlares":true,"showImageEffects":true,"showParticleSystems":true,"showVisualEffectGraphs":true,"m_FxEnabled":false},"in2DMode":false,"pivot":{"x":0.31980979442596438,"y":1.1920928955078126e-7,"z":0.3198099136352539},"rotation":{"x":0.25302740931510928,"y":0.1243848130106926,"z":-0.03282284364104271,"w":0.9588687419891357},"size":2.2785725593566896,"orthographic":true}