{"cameraMode":{"drawMode":0,"name":"Shaded","section":"Shading Mode"},"sceneLighting":false,"audioPlay":false,"sceneViewState":{"m_AlwaysRefresh":false,"showFog":true,"showSkybox":false,"showFlares":true,"showImageEffects":true,"showParticleSystems":true,"showVisualEffectGraphs":true,"m_FxEnabled":false},"in2DMode":false,"pivot":{"x":-4.734328746795654,"y":3.3177242279052736,"z":-1.4375683069229127},"rotation":{"x":0.7197192907333374,"y":0.0010414463467895985,"z":-0.0010795920388773084,"w":0.6942646503448486},"size":13.62590503692627,"orthographic":false}