{"cameraMode":{"drawMode":0,"name":"Shaded","section":"Shading Mode"},"sceneLighting":false,"audioPlay":false,"sceneViewState":{"m_AlwaysRefresh":false,"showFog":true,"showSkybox":false,"showFlares":true,"showImageEffects":true,"showParticleSystems":true,"showVisualEffectGraphs":true,"m_FxEnabled":false},"in2DMode":false,"pivot":{"x":-0.002701881807297468,"y":0.010166007094085217,"z":-0.023358047008514406},"rotation":{"x":0.06383292376995087,"y":0.8174222707748413,"z":-0.09234965592622757,"w":0.5650027990341187},"size":7.050280570983887,"orthographic":true}