{"cameraMode":{"drawMode":0,"name":"Shaded","section":"Shading Mode"},"sceneLighting":false,"audioPlay":false,"sceneViewState":{"m_AlwaysRefresh":false,"showFog":true,"showSkybox":false,"showFlares":true,"showImageEffects":true,"showParticleSystems":true,"showVisualEffectGraphs":true,"m_FxEnabled":false},"in2DMode":false,"pivot":{"x":1.1920928955078126e-7,"y":3.5762786865234377e-7,"z":2.384185791015625e-7},"rotation":{"x":-0.21799638867378236,"y":0.07952962070703507,"z":-0.017833007499575616,"w":-0.9725719690322876},"size":0.6261074542999268,"orthographic":false}