{"cameraMode":{"drawMode":0,"name":"Shaded","section":"Shading Mode"},"sceneLighting":false,"audioPlay":false,"sceneViewState":{"m_AlwaysRefresh":false,"showFog":true,"showSkybox":false,"showFlares":true,"showImageEffects":true,"showParticleSystems":true,"showVisualEffectGraphs":true,"m_FxEnabled":false},"in2DMode":false,"pivot":{"x":0.04046137258410454,"y":1.3626227378845215,"z":-0.10369205474853516},"rotation":{"x":-0.051401469856500629,"y":0.5762982964515686,"z":-0.03635469451546669,"w":-0.8148131370544434},"size":2.8673789501190187,"orthographic":false}