{"cameraMode":{"drawMode":0,"name":"Shaded","section":"Shading Mode"},"sceneLighting":false,"audioPlay":false,"sceneViewState":{"m_AlwaysRefresh":false,"showFog":true,"showSkybox":false,"showFlares":true,"showImageEffects":true,"showParticleSystems":true,"showVisualEffectGraphs":true,"m_FxEnabled":false},"in2DMode":false,"pivot":{"x":0.0449863076210022,"y":2.1018831729888918,"z":0.32542476058006289},"rotation":{"x":-0.051138997077941897,"y":0.9062171578407288,"z":-0.11479151248931885,"w":-0.4037160873413086},"size":4.6419477462768559,"orthographic":true}