{"cameraMode":{"drawMode":0,"name":"Shaded","section":"Shading Mode"},"sceneLighting":false,"audioPlay":false,"sceneViewState":{"m_AlwaysRefresh":false,"showFog":true,"showSkybox":false,"showFlares":true,"showImageEffects":true,"showParticleSystems":true,"showVisualEffectGraphs":true,"m_FxEnabled":false},"in2DMode":false,"pivot":{"x":0.000003337860107421875,"y":2.575021266937256,"z":0.09629842638969422},"rotation":{"x":4.529929071850347e-7,"y":0.8174682855606079,"z":2.930388234290149e-7,"w":0.5759755969047546},"size":1.951487421989441,"orthographic":false}