{"cameraMode":{"drawMode":0,"name":"Shaded","section":"Shading Mode"},"sceneLighting":true,"audioPlay":false,"sceneViewState":{"m_AlwaysRefresh":false,"showFog":true,"showSkybox":true,"showFlares":true,"showImageEffects":true,"showParticleSystems":true,"showVisualEffectGraphs":true,"m_FxEnabled":true},"in2DMode":false,"pivot":{"x":693.8477783203125,"y":108.64286041259766,"z":188.7092742919922},"rotation":{"x":-0.040339842438697818,"y":0.08622198551893234,"z":0.003490834729745984,"w":0.9954952597618103},"size":393.7353820800781,"orthographic":true}