{"cameraMode":{"drawMode":0,"name":"Shaded","section":"Shading Mode"},"sceneLighting":true,"audioPlay":false,"sceneViewState":{"m_AlwaysRefresh":false,"showFog":true,"showSkybox":true,"showFlares":true,"showImageEffects":true,"showParticleSystems":true,"showVisualEffectGraphs":true,"m_FxEnabled":true},"in2DMode":false,"pivot":{"x":0.07260043919086456,"y":2.6554362773895265,"z":-19.3221435546875},"rotation":{"x":0.0243756715208292,"y":0.29343777894973757,"z":-0.007485698908567429,"w":0.955707311630249},"size":7.229129791259766,"orthographic":true}