{"cameraMode":{"drawMode":0,"name":"Shaded","section":"Shading Mode"},"sceneLighting":true,"audioPlay":false,"sceneViewState":{"m_AlwaysRefresh":false,"showFog":true,"showSkybox":true,"showFlares":true,"showImageEffects":true,"showParticleSystems":true,"showVisualEffectGraphs":true,"m_FxEnabled":true},"in2DMode":false,"pivot":{"x":-0.03473678231239319,"y":0.7264126539230347,"z":-20.04181671142578},"rotation":{"x":0.13784009218215943,"y":0.4712553322315216,"z":-0.07486294955015183,"w":0.8679952025413513},"size":2.2423245906829836,"orthographic":true}