{"cameraMode":{"drawMode":0,"name":"Shaded","section":"Shading Mode"},"sceneLighting":true,"audioPlay":false,"sceneViewState":{"m_AlwaysRefresh":false,"showFog":true,"showSkybox":true,"showFlares":true,"showImageEffects":true,"showParticleSystems":true,"showVisualEffectGraphs":true,"m_FxEnabled":false},"in2DMode":false,"pivot":{"x":-0.00004851818084716797,"y":0.16443520784378053,"z":-18.197307586669923},"rotation":{"x":0.24947036802768708,"y":0.39742857217788699,"z":-0.1132129579782486,"w":0.8758037090301514},"size":1.4356868267059327,"orthographic":false}