{"cameraMode":{"drawMode":0,"name":"Shaded","section":"Shading Mode"},"sceneLighting":true,"audioPlay":false,"sceneViewState":{"m_AlwaysRefresh":false,"showFog":true,"showSkybox":true,"showFlares":true,"showImageEffects":true,"showParticleSystems":true,"showVisualEffectGraphs":true,"m_FxEnabled":false},"in2DMode":false,"pivot":{"x":18.61224365234375,"y":13.071218490600586,"z":-12.223182678222657},"rotation":{"x":0.46378636360168459,"y":-0.4601690471172333,"z":0.30886298418045046,"w":0.6912709474563599},"size":100.16705322265625,"orthographic":true}