{"cameraMode":{"drawMode":0,"name":"Shaded","section":"Shading Mode"},"sceneLighting":true,"audioPlay":false,"sceneViewState":{"m_AlwaysRefresh":false,"showFog":true,"showSkybox":true,"showFlares":true,"showImageEffects":true,"showParticleSystems":true,"showVisualEffectGraphs":true,"m_FxEnabled":false},"in2DMode":false,"pivot":{"x":125.99624633789063,"y":501.24554443359377,"z":132.36106872558595},"rotation":{"x":0.13715411722660066,"y":0.07629460096359253,"z":-0.010602226480841637,"w":0.9875655174255371},"size":765.8292236328125,"orthographic":false}