{"cameraMode":{"drawMode":0,"name":"Shaded","section":"Shading Mode"},"sceneLighting":true,"audioPlay":false,"sceneViewState":{"m_AlwaysRefresh":false,"showFog":true,"showSkybox":true,"showFlares":true,"showImageEffects":true,"showParticleSystems":true,"showVisualEffectGraphs":true,"m_FxEnabled":true},"in2DMode":false,"pivot":{"x":-32.11930847167969,"y":28.077659606933595,"z":122.22171020507813},"rotation":{"x":0.09906642138957977,"y":0.23009219765663148,"z":-0.023553065955638887,"w":0.9678729176521301},"size":63.94092559814453,"orthographic":true}