{"cameraMode":{"drawMode":0,"name":"Shaded","section":"Shading Mode"},"sceneLighting":true,"audioPlay":false,"sceneViewState":{"m_AlwaysRefresh":false,"showFog":true,"showSkybox":true,"showFlares":true,"showImageEffects":true,"showParticleSystems":true,"showVisualEffectGraphs":true,"m_FxEnabled":false},"in2DMode":false,"pivot":{"x":0.7813479900360107,"y":4.906100273132324,"z":151.65460205078126},"rotation":{"x":0.1301228106021881,"y":-0.016052912920713426,"z":0.0020685798954218628,"w":0.9914382696151733},"size":26.891016006469728,"orthographic":false}