{"cameraMode":{"drawMode":0,"name":"Shaded","section":"Shading Mode"},"sceneLighting":true,"audioPlay":false,"sceneViewState":{"m_AlwaysRefresh":false,"showFog":true,"showSkybox":true,"showFlares":true,"showImageEffects":true,"showParticleSystems":true,"showVisualEffectGraphs":true,"m_FxEnabled":true},"in2DMode":false,"pivot":{"x":0.07260043919086456,"y":2.6554362773895265,"z":-19.3221435546875},"rotation":{"x":0.14005376398563386,"y":0.21588708460330964,"z":-0.03131679818034172,"w":0.9658816456794739},"size":3.0756521224975588,"orthographic":true}