{"cameraMode":{"drawMode":0,"name":"Shaded","section":"Shading Mode"},"sceneLighting":false,"audioPlay":false,"sceneViewState":{"m_AlwaysRefresh":false,"showFog":true,"showSkybox":false,"showFlares":true,"showImageEffects":true,"showParticleSystems":true,"showVisualEffectGraphs":true,"m_FxEnabled":false},"in2DMode":false,"pivot":{"x":0.047041285783052447,"y":-0.041351672261953357,"z":-0.07282017171382904},"rotation":{"x":0.07139576971530914,"y":0.796921968460083,"z":-0.09609241783618927,"w":0.5921056866645813},"size":2.5543344020843508,"orthographic":true}