{"cameraMode":{"drawMode":0,"name":"Shaded","section":"Shading Mode"},"sceneLighting":false,"audioPlay":false,"sceneViewState":{"m_AlwaysRefresh":false,"showFog":true,"showSkybox":false,"showFlares":true,"showImageEffects":true,"showParticleSystems":true,"showVisualEffectGraphs":true,"m_FxEnabled":false},"in2DMode":false,"pivot":{"x":0.17403483390808106,"y":-1.1920928955078126e-7,"z":0.17403638362884522},"rotation":{"x":0.25302740931510928,"y":0.1243848130106926,"z":-0.03282284364104271,"w":0.9588687419891357},"size":2.480327844619751,"orthographic":true}