{"cameraMode":{"drawMode":0,"name":"Shaded","section":"Shading Mode"},"sceneLighting":false,"audioPlay":false,"sceneViewState":{"m_AlwaysRefresh":false,"showFog":true,"showSkybox":false,"showFlares":true,"showImageEffects":true,"showParticleSystems":true,"showVisualEffectGraphs":true,"m_FxEnabled":false},"in2DMode":false,"pivot":{"x":-0.012781381607055664,"y":0.7884867787361145,"z":-0.10332074761390686},"rotation":{"x":0.567606508731842,"y":-0.3938904106616974,"z":0.35499075055122378,"w":0.629806399345398},"size":1.2724543809890748,"orthographic":false}